HuntCode,Page
DE003O1A,3
DE003P2R,4
DE003P3R,5
DE003P4R,6
DE004P4R,7
DE004W1R,8
DE004W2R,9
DE004W3R,10
DE005P4R,11
DE005W2R,12
DE006O1A,13
DE007O1A,14
DE011O1A,15
DE011P2R,16
DE011P3R,17
DE011P4R,18
DE011W1R,19
DE011W2R,21
DE012O1A,22
DE012P4R,23
DE015O1A,24
DE015P2R,25
DE015P3R,26
DE018O1A,27
DE018P2R,28
DE018P3R,29
DE020O1A,30
DE023O1A,31
DE023W1R,32
DE025O1A,34
DE025P2R,35
DE025P3R,36
DE025W1R,37
DE029O1A,39
DE030P5A,40
DE031O1A,41
DE033O1A,42
DE034O1A,43
DE034P2R,44
DE034P3R,45
DE035O1A,46
DE035P2R,47
DE035P3R,48
DE038L1R,49
DE038L2R,50
DE038O1A,51
DE039O1A,52
DE041O1A,53
DE041P5A,54
DE043O1A,55
DE043P2R,56
DE043P3R,57
DE044O1A,58
DE044P2R,59
DE044P3R,60
DE049O1A,61
DE050O1A,62
DE051O1A,63
DE052P6R,64
DE062P6R,65
DE064P6R,66
DE069O1A,67
DE075O1A,68
DE077O1A,69
DE087O1A,70
DE087O2X,71
DE091O1A,72
DE092O1A,73
DE093O1A,74
DE093O2X,75
DE094O1A,76
DE096O1A,77
DE099O1A,78
DE101O1A,79
DE101O2X,80
DE103O1A,81
DE104L2R,82
DE104O1A,83
DE104O2R,84
DE104O3A,85
DE104O3M,86
DE104W1R,87
DE105L2R,89
DE105O2R,90
DE107L2R,91
DE107O1A,92
DE107O2R,93
DE107O3A,94
DE107O3M,95
DE109L2R,96
DE109O1A,97
DE109O2R,98
DE109O3A,99
DE109O3M,100
DE110O2A,101
DE110O2R,102
DE110O3M,103
DE110O4A,104
DE112O2A,105
DE112O4A,106
DE116L2R,107
DE116O1A,108
DE116O2R,109
DE116O3A,110
DE116O3M,111
DE122L2R,112
DE122O1A,113
DE122O2R,114
DE122O3A,115
DE122O3M,116
DE125L2R,117
DE125O2R,118
DE126L2R,119
DE126O2R,120
DE128O2A,121
DE128O2R,122
DE128O3M,123
DE128O4A,124
DE129L2R,125
DE129O2R,126
DE131P2R,127
DE131P3R,128
DE136L2R,129
DE136O1A,130
DE136O3A,131
DE137L2R,132
DE137O1A,133
DE137O2R,134
DE139L2R,135
DE139O2R,136
DE142O2A,137
DE211W1R,138
DE214W2R,140
DE391O1A,141
DE441W1R,142
DE444O1A,143
DE444P2R,144
DE444P3R,145
DE741O1A,146
DF003O1M,147
DF003O2R,148
DF003O3R,149
DF003W1R,150
DF004O2R,151
DF004O3R,152
DF004P5A,153
DF004S4R,154
DF004W1R,155
DF004W2R,156
DF004W3R,157
DF005O2R,158
DF005O3R,159
DF005W1R,160
DF005W2R,162
DF006E1R,163
DF006O1M,164
DF006P5R,165
DF007O1M,166
DF007O2R,167
DF007O3R,168
DF009L1R,169
DF009O2R,170
DF009O3R,171
DF009P5R,172
DF011O1M,173
DF011O2R,174
DF011O3R,175
DF011S4R,176
DF011W1R,177
DF011W2R,178
DF012O1M,179
DF012O2R,180
DF012O3R,181
DF015O1M,182
DF015O2R,183
DF015O3R,184
DF018O1M,185
DF018O2R,186
DF018O3R,187
DF020O1M,188
DF020O2R,189
DF020O3R,190
DF020O4R,191
DF020P5R,192
DF022O2R,193
DF022O3R,194
DF023O1M,195
DF023W1R,196
DF025O1M,197
DF025O2R,198
DF025O3R,199
DF025W1R,200
DF027O2R,201
DF027O3R,202
DF029O1M,203
DF029O2R,204
DF029O3R,205
DF029O4R,206
DF029P5R,207
DF030O2R,208
DF030O3R,209
DF030P5A,210
DF033O1M,211
DF033P5R,212
DF033P6R,213
DF034O1M,214
DF034O2R,215
DF034O3R,216
DF035O1M,217
DF035O2R,218
DF035O3R,219
DF038L1R,220
DF038L2R,221
DF038O1M,222
DF038O2R,223
DF038O3R,224
DF038O4R,225
DF038P5R,226
DF039O1M,227
DF039O2R,228
DF039O3R,229
DF039O4R,230
DF039P5R,231
DF041O1M,232
DF041O2R,233
DF041O3R,234
DF041P5A,235
DF043K1M,236
DF043K2R,237
DF043K3R,238
DF043O1M,239
DF043O2R,240
DF043O3R,241
DF044O1M,242
DF044O2R,243
DF044O3R,244
DF048O1M,245
DF049O1M,246
DF049O2R,247
DF049O3R,248
DF049P2R,249
DF049P3R,250
DF051O1M,251
DF051P5R,252
DF052P5R,253
DF053P5R,254
DF054O1A,255
DF054O1M,256
DF054O1R,257
DF054O2R,258
DF054O3R,259
DF054P5R,260
DF055O1A,261
DF055O1M,262
DF055O1R,263
DF055O2R,264
DF055O3R,265
DF055P5R,266
DF056L1R,267
DF056P2R,268
DF056P3R,269
DF058O2R,270
DF058O3R,271
DF059O1M,272
DF060P2R,273
DF060P3R,274
DF062P2R,275
DF062P3R,276
DF063P5R,277
DF066O2R,278
DF066O3R,279
DF067O2R,280
DF067O3R,281
DF069L1R,282
DF069O1M,283
DF069P2R,284
DF069P3R,285
DF070P2R,286
DF070P3R,287
DF072P2R,288
DF072P3R,289
DF072P4R,290
DF072P5R,291
DF075O1M,292
DF075O2R,293
DF075O3R,294
DF075O4R,295
DF075P2R,296
DF075P3R,297
DF075P4R,298
DF075P5R,299
DF077O1M,300
DF077O2R,301
DF077O3R,302
DF077O4R,303
DF077P5R,304
DF079P5R,305
DF080O1A,306
DF080O1M,307
DF080O2R,308
DF080O3R,309
DF085P5R,310
DF087L1R,311
DF087O1R,312
DF087O2M,313
DF087O2X,314
DF088L1R,315
DF088O1R,316
DF089L1R,317
DF089O1R,318
DF090L1R,319
DF090O1R,320
DF091L1R,321
DF091O1R,322
DF091O2M,323
DF091P5X,324
DF092L1R,325
DF092O1R,326
DF092O2M,327
DF092P5X,328
DF093L1R,329
DF093O1R,330
DF093O2M,331
DF093O2X,332
DF094L1R,333
DF094O1R,334
DF094O2M,335
DF095L1R,336
DF095O1R,337
DF096L1R,338
DF096O1R,339
DF096O2M,340
DF096P5X,341
DF096P6X,342
DF097L1R,343
DF097O1R,344
DF098L1R,345
DF098O1R,346
DF099L1R,347
DF099O1R,348
DF099O2M,349
DF100L1R,350
DF100O1R,351
DF101L1R,352
DF101O1R,353
DF101O2M,354
DF101O2X,355
DF102L1R,356
DF102O1R,357
DF102P1R,358
DF102P5R,359
DF103L1R,360
DF103L2R,361
DF103O1R,362
DF103O2M,363
DF103O3A,364
DF103P5R,365
DF104L1R,366
DF104L2R,367
DF104L3R,368
DF104O1R,369
DF104O2M,370
DF104O2R,371
DF104O3M,372
DF104W1R,373
DF105L1R,374
DF105L2R,375
DF105O1R,376
DF105O2R,377
DF107L1R,378
DF107L2R,379
DF107O1R,380
DF107O2M,381
DF107O2R,382
DF107O3A,383
DF107O3M,384
DF109L1R,385
DF109L2R,386
DF109O1R,387
DF109O2M,388
DF109O2R,389
DF109O3A,390
DF109O3M,391
DF110O1R,392
DF110O2M,393
DF110O2R,394
DF110O3M,395
DF110O4A,396
DF111O1R,397
DF112O1R,398
DF112O4A,399
DF113O1R,400
DF114O1R,401
DF116L1R,402
DF116L2R,403
DF116O1R,404
DF116O2M,405
DF116O2R,406
DF116O3A,407
DF116O3M,408
DF117L1R,409
DF117O1R,410
DF118O1R,411
DF119O1R,412
DF120O1R,413
DF122L1R,414
DF122L2R,415
DF122O1R,416
DF122O2M,417
DF122O2R,418
DF122O3A,419
DF122O3M,420
DF124O1R,421
DF125L1R,422
DF125L2R,423
DF125O1R,424
DF125O2R,425
DF126L1R,426
DF126L2R,427
DF126O1R,428
DF126O2R,429
DF128O1R,430
DF128O2M,431
DF128O2R,432
DF128O3M,433
DF128O4A,434
DF129L1R,435
DF129L2R,436
DF129O1R,437
DF129O2R,438
DF133O1R,439
DF134O1R,440
DF135O1R,441
DF136L1R,442
DF136L2R,443
DF136O1R,444
DF136O3A,445
DF136W2R,446
DF137L1R,447
DF137L2R,448
DF137O1R,449
DF137O2M,450
DF137O2R,451
DF137P1R,452
DF139L1R,453
DF139L2R,454
DF139O1R,455
DF139O2R,456
DF141L1R,457
DF141O1R,458
DF142L1R,459
DF142O2M,460
DF147L1R,461
DF211S4R,462
DF211W1R,463
DF214W2R,464
DF214W4R,465
DF301W1R,466
DF301W2R,467
DF301W3R,468
DF391O1M,469
DF391P5R,470
DF411P5R,471
DF441W1R,472
DF444O1M,473
DF444O2R,474
DF444O3R,475
DF481P2R,476
DF481P3R,477
DF481P5R,478
DF501O1M,479
DF501O2R,480
DF501O3R,481
DF511O2R,482
DF511O3R,483
DF511P2R,484
DF511P3R,485
DF512S1R,486
DF551O1A,487
DF551O1M,488
DF551O1R,489
DF551O2R,490
DF551O3R,491
DF551P5R,492
DF591L1R,493
DF741O1M,494
DF741P2R,495
DF741P3R,496
DF741P4R,497
DF791P5R,498
DF951L1R,499
DF951O1R,500
DF951O2M,501
DM001O1A,502
DM001O1M,503
DM001O2R,504
DM001O3R,505
DM002O1A,507
DM002O1M,508
DM002O2R,510
DM002O3R,512
DM003O1M,514
DM003O2R,515
DM003O3R,516
DM003O4R,517
DM003W1R,519
DM004O2R,520
DM004O3R,521
DM004O4R,522
DM004P5A,523
DM005O2R,524
DM005O3R,525
DM005O4R,526
DM005W1R,527
DM006E1R,529
DM006E2R,530
DM006O1M,531
DM006O1R,533
DM006O2R,534
DM006O3R,535
DM006O4R,536
DM006W1R,537
DM007O1M,539
DM007O2R,540
DM007O3R,541
DM007O4R,542
DM009L1R,543
DM010O1A,544
DM010O1M,546
DM010O2R,548
DM010O3R,550
DM010W1R,552
DM011O1M,554
DM011O2R,555
DM011O3R,556
DM011O4R,557
DM012E1R,558
DM012O1M,559
DM012O2R,560
DM012O3R,561
DM012O4R,562
DM014E1R,563
DM015O1M,564
DM015O2R,565
DM015O3R,566
DM015O4R,567
DM016E1R,568
DM016O1R,569
DM016O2R,570
DM016O3R,571
DM017E1R,572
DM017O1R,573
DM017O2R,574
DM017O3R,575
DM018O1M,576
DM018O2R,577
DM018O3R,578
DM018O4R,579
DM019O2R,580
DM019O3R,581
DM019O4R,582
DM020O1M,583
DM020O2R,584
DM020O3R,585
DM020O4R,586
DM020P5R,587
DM021O1A,588
DM021O1M,589
DM021O2R,590
DM021O3R,591
DM022O2R,593
DM022O3R,594
DM022O4R,595
DM023O1M,597
DM025O1M,598
DM025O2R,599
DM025O3R,601
DM025O4R,602
DM027O2R,603
DM027O3R,604
DM027O4R,606
DM029O1M,607
DM029O2R,608
DM029O3R,609
DM029O4R,610
DM029P5R,611
DM030O2R,612
DM030O3R,613
DM030O4R,615
DM031O1M,616
DM031O2R,617
DM031O3R,618
DM031O4R,619
DM031P2R,620
DM031P3R,621
DM033O1M,622
DM033O2R,623
DM033O3R,624
DM033O4R,625
DM033P2R,626
DM033P3R,627
DM034O1M,628
DM034O2R,629
DM034O3R,630
DM034O4R,631
DM035O1M,632
DM035O2R,633
DM035O3R,634
DM035O4R,635
DM036E1R,637
DM038O1M,638
DM038O2R,639
DM038O3R,640
DM038O4R,641
DM038P5R,642
DM039O1M,643
DM039O2R,644
DM039O3R,645
DM039O4R,646
DM040O1A,647
DM040O1M,648
DM040O2R,649
DM040O3R,650
DM040O4R,652
DM040P2R,654
DM040P3R,655
DM040W1R,656
DM041O1M,658
DM041O2R,659
DM041O3R,660
DM041O4R,661
DM041P2R,663
DM041P3R,664
DM043E1R,665
DM043O1M,666
DM043O2R,668
DM043O3R,669
DM043O4R,670
DM044E1R,671
DM044O1M,672
DM044O2R,673
DM044O3R,675
DM044O4R,677
DM047E1R,679
DM048E1R,680
DM048O1A,681
DM048O1M,682
DM048O2R,683
DM048O3R,684
DM049O1M,685
DM049O2R,687
DM049O3R,688
DM050O1M,689
DM050O2R,690
DM050O3R,691
DM051O1M,692
DM051O2R,693
DM051O3R,694
DM051O4R,695
DM051P5R,697
DM052O1A,698
DM052O1M,699
DM052O2R,700
DM052O3R,701
DM052O4R,702
DM052P2R,703
DM052P3R,704
DM053O1A,705
DM053O1M,706
DM053O2R,707
DM053O3R,708
DM053O4R,710
DM053P2R,712
DM053P3R,713
DM054O1A,714
DM054O1M,715
DM054O2R,717
DM054O3R,718
DM054O4R,719
DM055O1A,721
DM055O1M,723
DM055O2R,725
DM055O3R,726
DM055O4R,728
DM059O1A,730
DM059O1M,731
DM059O2R,732
DM059O3R,733
DM060O1A,734
DM060O1M,735
DM060O1R,736
DM060O2R,737
DM060O3R,738
DM060O4R,739
DM060P1R,740
DM060P2R,741
DM060P3R,742
DM061O1A,743
DM061O1M,744
DM061O1R,746
DM061O2R,748
DM061O3R,750
DM061P1R,752
DM062O1A,753
DM062O1M,754
DM062O1R,755
DM062O2R,756
DM062O3R,757
DM062P1R,758
DM062P2R,759
DM062P3R,760
DM063O1A,761
DM063O1M,762
DM063O2R,763
DM063O3R,764
DM063O4R,766
DM063P2R,768
DM063P3R,769
DM064O1A,770
DM064O1M,771
DM064O1R,772
DM064O2R,773
DM064O3R,774
DM064O4R,775
DM064P2R,777
DM064P3R,778
DM065E1R,779
DM066O1A,780
DM066O1M,781
DM066O2R,782
DM066O3R,783
DM066O4R,785
DM067O1A,787
DM067O1M,788
DM067O2R,789
DM067O3R,790
DM067O4R,792
DM068O1A,794
DM068O1M,795
DM068O2R,796
DM068O3R,797
DM068O4R,798
DM069O1M,800
DM069O2R,801
DM069O3R,802
DM069O4R,803
DM069P2R,804
DM069P3R,805
DM070O1A,806
DM070O1M,807
DM070O1R,808
DM070O2R,809
DM070O3R,810
DM070O4R,812
DM070P1R,814
DM070P2R,815
DM070P3R,816
DM071O1A,817
DM071O1M,818
DM071O2R,819
DM071O3R,820
DM071O4R,821
DM071P2R,822
DM071P3R,823
DM072O1A,824
DM072O1M,825
DM072O2R,826
DM072O3R,827
DM072O4R,828
DM072P2R,829
DM072P3R,830
DM074E1R,831
DM074O1A,833
DM074O1M,834
DM074O2R,835
DM074O3R,836
DM074O4R,837
DM074P2R,838
DM074P3R,839
DM075O1M,840
DM075O2R,841
DM075O3R,842
DM075O4R,843
DM075P2R,844
DM075P3R,845
DM075P4R,846
DM076O1A,847
DM076O1M,848
DM076O2R,849
DM076O3R,850
DM077O1M,851
DM077O2R,852
DM077O3R,853
DM077O4R,854
DM077P2R,855
DM077P3R,856
DM077P4R,857
DM079O1A,858
DM079O1M,859
DM079O2R,860
DM079O3R,861
DM079O4R,862
DM080O1A,864
DM080O1M,865
DM080O2R,866
DM080O3R,867
DM080O4R,868
DM082E1R,869
DM082O1A,870
DM082O1M,871
DM082O2R,872
DM082O3R,873
DM082O4R,874
DM083O1A,875
DM083O1M,877
DM083O2R,878
DM083O3R,879
DM083O4R,881
DM085O1A,882
DM085O1M,883
DM085O2R,884
DM085O3R,885
DM085O4R,886
DM085W1R,887
DM087L1R,889
DM087O1R,890
DM087O2M,891
DM088L1R,892
DM088O1R,893
DM089L1R,894
DM089O1R,895
DM090L1R,896
DM090O1R,897
DM091L1R,898
DM091O1R,899
DM091O2M,900
DM091P5R,901
DM092L1R,902
DM092O1R,903
DM092O2M,904
DM092P5R,905
DM093L1R,906
DM093O1R,907
DM093O2M,908
DM094L1R,909
DM094O1R,910
DM094O2M,911
DM095L1R,912
DM095O1R,913
DM096L1R,914
DM096O1R,915
DM096O2M,916
DM096P5R,917
DM097L1R,918
DM097O1R,919
DM098L1R,920
DM098O1R,921
DM099L1R,922
DM099O1R,923
DM099O2M,924
DM100L1R,925
DM100O1R,926
DM101L1R,927
DM101O1R,928
DM101O2M,929
DM102L1R,930
DM102O1R,931
DM102P1R,932
DM102P5R,933
DM103L1R,934
DM103O1R,935
DM103O2M,936
DM103P5R,937
DM104L1R,938
DM104O1R,940
DM104O2M,941
DM105L1R,942
DM105O1R,943
DM107L1R,944
DM107O1R,945
DM107O2M,946
DM109L1R,947
DM109O1R,948
DM109O2M,949
DM110O1R,950
DM110O2M,951
DM111O1R,952
DM112O1R,953
DM113O1R,954
DM114O1R,955
DM116L1R,956
DM116O1R,957
DM116O2M,958
DM117L1R,959
DM117O1R,960
DM118O1R,961
DM119O1R,962
DM120O1R,963
DM122L1R,964
DM122O1R,965
DM122O2M,966
DM124O1R,967
DM125L1R,968
DM125O1R,970
DM126L1R,971
DM126O1R,972
DM128O1R,973
DM128O2M,974
DM129L1R,975
DM129O1R,976
DM131O2R,977
DM131O3R,978
DM133O1R,979
DM134O1R,980
DM135O1R,981
DM136L1R,982
DM136O1R,983
DM136W2R,984
DM137L1R,986
DM137O1R,987
DM137O2M,988
DM137P1R,989
DM139L1R,990
DM139O1R,991
DM140O1A,992
DM140O1M,993
DM140O2R,994
DM140O3R,995
DM140O4R,996
DM141L1R,997
DM141O1R,998
DM142L1R,999
DM142O2M,1001
DM161E1R,1002
DM161O1R,1003
DM161O2R,1004
DM161O3R,1005
DM171E1R,1006
DM171O1R,1007
DM171O2R,1008
DM171O3R,1009
DM201O1A,1010
DM201O1M,1012
DM201O2R,1014
DM201O3R,1016
DM201O4R,1018
DM301W1R,1020
DM301W2R,1021
DM391O1M,1022
DM391O2R,1023
DM391O3R,1024
DM391O4R,1025
DM391P5R,1026
DM444O1M,1027
DM444O2R,1028
DM444O3R,1029
DM444O4R,1030
DM471E1R,1031
DM501O4R,1032
DM511O4R,1033
DM511P4R,1034
DM512S1R,1035
DM551O1A,1037
DM551O1M,1038
DM551O2R,1039
DM551O3R,1040
DM551O4R,1041
DM591L1R,1043
DM741O1M,1044
DM741O2R,1045
DM741O3R,1046
DM741O4R,1047
DM741P2R,1048
DM741P3R,1049
DM741P4R,1050
DM851O1A,1051
DM851O1M,1052
DM851O1R,1053
DM851O2R,1054
DM851W1R,1056
DM851W2R,1058
DM951L1R,1060
DM951O1R,1061
DM951O2M,1062
DM951P5R,1063
